{
  "version": "1.0",
  "defaultProvider": "cdnjs",
  "libraries": [
    {
      "library": "twitter-bootstrap@5.2.0",
      "destination": "wwwroot/lib/bootstrap"
    },
    {
      "library": "jquery@3.6.0",
      "destination": "wwwroot/lib/jquery"
    },
    {
      "library": "jquery-validate@1.19.5",
      "destination": "wwwroot/lib/validation"
    },
    {
      "library": "jquery-validation-unobtrusive@4.0.0",
      "destination": "wwwroot/lib/validation"
    },
    {
      "provider": "unpkg",
      "library": "jquery-ajax-unobtrusive@3.2.6",
      "destination": "wwwroot/lib/ajax"
    },
    {
      "library": "font-awesome@6.1.2",
      "destination": "wwwroot/lib/font-awesome"
    }
  ]
}